X,Y,DCGISPrimaryCarePtNAME,DCGISPrimaryCarePtADDRESS,DCGISPrimaryCarePtCITY,DCGISPrimaryCarePtSTATE,DCGISPrimaryCarePtWARD,DCGISPrimaryCarePtPHONE,DCGISPrimaryCarePtFAX,DCGISPrimaryCarePtCT_HPSA,DCGISPrimaryCarePtMEDICALDIR,DCGISPrimaryCarePtCHARGENURS,DCGISPrimaryCarePtADMINISTRA,DCGISPrimaryCarePtWEB_URL,DCGISPrimaryCarePtMAR_CENSUS,DCGISPrimaryCarePtSEE_PATIENTS_WHO_CANT_PAY,DCGISPrimaryCarePtPOPULATION_SERVED,DCGISPrimaryCarePtWALKIN_UNSCHEDULED,DCGISPrimaryCarePtINSURANCE_ACCEPTED,DCGISPrimaryCarePtOPEN_TO_PUBLIC,DCGISPrimaryCarePtLIMITED_ACCESS,DCGISPrimaryCarePtTREATMENT_FOR_ALL,DCGISPrimaryCarePtPUBLIC_INSURANCE,DCGISPrimaryCarePtMEDICAID,DCGISPrimaryCarePtMEDICARE,DCGISPrimaryCarePtPRIVATE_EMPLOYER_INSURANCE,DCGISPrimaryCarePtPRIVATE_INSURANCE,DCGISPrimaryCarePtSLIDING_SCALE,DCGISPrimaryCarePtFACILITY_SETTING,DCGISPrimaryCarePtFACILITY_TYPE,DCGISPrimaryCarePtPRACTICE_TYPE,DCGISPrimaryCarePtYESNO,DCGISPrimaryCarePtLAST_MODIFIED_DATE,DCGISPrimaryCarePtLAST_MODIFIED_USER,DCGISPrimaryCarePtLAST_MODIFIED_ACTION,DCGISPrimaryCarePtGIS_ID,DCGISPrimaryCarePtOBJECTID,DCGISPrimaryCarePtXCOORD,DCGISPrimaryCarePtYCOORD,DCGISPrimaryCarePtZIP_1,DCGISPrimaryCarePtZIPCODE,DCGISPrimaryCarePtMAR_ID,DCGISPrimaryCarePtSE_ANNO_CAD_DATA,DCGISPrimaryCarePtGLOBALID,DCGISPrimaryCarePtCREATOR,DCGISPrimaryCarePtCREATED,DCGISPrimaryCarePtEDITOR,DCGISPrimaryCarePtEDITED,DCGISPRIMARY_CARE_INFOOBJECTID,DCGISPRIMARY_CARE_INFOOPEN_TO_PUBLIC,DCGISPRIMARY_CARE_INFOLIMITED_ACCESS,DCGISPRIMARY_CARE_INFOTREATMENT_FOR_ALL,DCGISPRIMARY_CARE_INFOPUBLIC_INSURANCE,DCGISPRIMARY_CARE_INFOMEDICAID,DCGISPRIMARY_CARE_INFOMEDICARE,DCGISPRIMARY_CARE_INFOPRIVATE_EMPLOYER_INSURANCE,DCGISPRIMARY_CARE_INFOPRIVATE_INSURANCE,DCGISPRIMARY_CARE_INFOSLIDING_SCALE,DCGISPRIMARY_CARE_INFOFACILITY_SETTING,DCGISPRIMARY_CARE_INFOFACILITY_TYPE,DCGISPRIMARY_CARE_INFOPRACTICE_TYPE,DCGISPRIMARY_CARE_INFOYESNO_,DCGISPRIMARY_CARE_INFOHR_CONTACT,DCGISPRIMARY_CARE_INFOHR_PHONE,DCGISPRIMARY_CARE_INFOHR_EMAIL,DCGISPRIMARY_CARE_INFOPUBLIC_SERVICES,DCGISPRIMARY_CARE_INFOPOP_SERVED,DCGISPRIMARY_CARE_INFOCHILD_SPECIAL_NEEDS,DCGISPRIMARY_CARE_INFOELDERLY,DCGISPRIMARY_CARE_INFOHIV,DCGISPRIMARY_CARE_INFOHOMELESS,DCGISPRIMARY_CARE_INFOLBGT,DCGISPRIMARY_CARE_INFOINTEL_DISABLED,DCGISPRIMARY_CARE_INFOLANGUAGE_LIMITED,DCGISPRIMARY_CARE_INFOOTHER_SPECIAL_POP,DCGISPRIMARY_CARE_INFOPHYSICALLY_DISABLED,DCGISPRIMARY_CARE_INFOMENTAL_ILLNESS,DCGISPRIMARY_CARE_INFOABILITY_TO_PAY,DCGISPRIMARY_CARE_INFOINSURANCE_ALLIANCE,DCGISPRIMARY_CARE_INFOPRIVATE_PLANS,DCGISPRIMARY_CARE_INFOEXCLUDED_PLANS,DCGISPRIMARY_CARE_INFOPRACTICE_SETTING,DCGISPRIMARY_CARE_INFOHOSPITAL_AFFILIATION,DCGISPRIMARY_CARE_INFOCARDIOLOGY,DCGISPRIMARY_CARE_INFODERMATOLOGY,DCGISPRIMARY_CARE_INFOENDOCRINOLOGY,DCGISPRIMARY_CARE_INFOGASTROENTEROLOGY,DCGISPRIMARY_CARE_INFOGENERAL_SURGERY,DCGISPRIMARY_CARE_INFOHIV_AIDS,DCGISPRIMARY_CARE_INFOINFECTIOUS_DISEASE,DCGISPRIMARY_CARE_INFONEPHROLOGY,DCGISPRIMARY_CARE_INFONEUROLOGY,DCGISPRIMARY_CARE_INFOOBSTETRICS,DCGISPRIMARY_CARE_INFOONCOLOGY,DCGISPRIMARY_CARE_INFOOPTHALMOLOGY,DCGISPRIMARY_CARE_INFOORAL_SURGERY,DCGISPRIMARY_CARE_INFOOTHER_SPECIALTY,DCGISPRIMARY_CARE_INFOORTHOPEDIC,DCGISPRIMARY_CARE_INFOGASTRO_ENT,DCGISPRIMARY_CARE_INFOPEDIATRICS,DCGISPRIMARY_CARE_INFOPODIATRY,DCGISPRIMARY_CARE_INFOPRIMARY_CARE,DCGISPRIMARY_CARE_INFOPSYCHIATRY,DCGISPRIMARY_CARE_INFOPULMONARY_MEDICINE,DCGISPRIMARY_CARE_INFOREPRODUCTIVE_HEALTH,DCGISPRIMARY_CARE_INFORHEUMATOLOGY,DCGISPRIMARY_CARE_INFOSTI_TEST_TREAT,DCGISPRIMARY_CARE_INFOUROLOGY,DCGISPRIMARY_CARE_INFODENTISTRY,DCGISPRIMARY_CARE_INFOHEALTH_NUTR_ED,DCGISPRIMARY_CARE_INFOMENTAL_HEALTH,DCGISPRIMARY_CARE_INFOPHARMACY,DCGISPRIMARY_CARE_INFOOTHER_SERVICES,DCGISPRIMARY_CARE_INFOWIC,DCGISPRIMARY_CARE_INFOSOCIAL_SERVICES,DCGISPRIMARY_CARE_INFOCHILDCARE,DCGISPRIMARY_CARE_INFOINSURANCE_SCREEN,DCGISPRIMARY_CARE_INFOINSURANCE_OTHER,DCGISPRIMARY_CARE_INFOACCEPT_NEW_PT,DCGISPRIMARY_CARE_INFOSCHEDULE_APPT_PHONE,DCGISPRIMARY_CARE_INFOSCHEDULE_APPT_EMAIL,DCGISPRIMARY_CARE_INFOSCHEDULE_APPT_WEB,DCGISPRIMARY_CARE_INFOOPEN_ACCESS_SCHEDULE,DCGISPRIMARY_CARE_INFOOPEN_ACCESS_TIME,DCGISPRIMARY_CARE_INFOHOURS_MONDAY,DCGISPRIMARY_CARE_INFOHOURS_TUESDAY,DCGISPRIMARY_CARE_INFOHOURS_WEDNESDAY,DCGISPRIMARY_CARE_INFOHOURS_THURSDAY,DCGISPRIMARY_CARE_INFOHOURS_FRIDAY,DCGISPRIMARY_CARE_INFOHOURS_SATURDAY,DCGISPRIMARY_CARE_INFOHOURS_SUNDAY,DCGISPRIMARY_CARE_INFOENGLISH,DCGISPRIMARY_CARE_INFOSPANISH,DCGISPRIMARY_CARE_INFOVIETNAMESE,DCGISPRIMARY_CARE_INFOKOREAN,DCGISPRIMARY_CARE_INFOAMHARIC,DCGISPRIMARY_CARE_INFOCHINESE_TRADITIONAL,DCGISPRIMARY_CARE_INFOFRENCH,DCGISPRIMARY_CARE_INFOASL,DCGISPRIMARY_CARE_INFOOTHER_LANGUAGE,DCGISPRIMARY_CARE_INFOFACILITY_AFFILIATION,DCGISPRIMARY_CARE_INFOGIS_ID,DCGISPRIMARY_CARE_INFOEVENING_HOURS,DCGISPRIMARY_CARE_INFOMEDICAL_SERVICES_AVAILABLE,DCGISPRIMARY_CARE_INFOQUADRANT,DCGISPRIMARY_CARE_INFOANC,DCGISPRIMARY_CARE_INFOWEEKEND_HOURS,DCGISPRIMARY_CARE_INFOCREATED_USER,DCGISPRIMARY_CARE_INFOCREATED_DATE,DCGISPRIMARY_CARE_INFOLAST_EDITED_USER,DCGISPRIMARY_CARE_INFOLAST_EDITED_DATE,DCGISPRIMARY_CARE_INFOMAR_ID
-8576032.24200029,4710358.97134914,Mary's Center - Adams Morgan,2333 ONTARIO ROAD NW,WASHINGTON,DC,1,202-483-8196, , , , , ,https://www.maryscenter.org/contact-and-locations/adams-morgan-dc/,003802, , ,Other - Modified open access, ,Yes, ,Yes,Yes,Yes,Yes,Yes,Private insurance is also accepted,Yes,Community Health Center-FQHC,Private Non-Profit, ,,,,,PC_17,321,396548.08,139234.16,20009,20009,284370,,{58C59BBF-6642-498B-898D-AF1BA7293471},JLAY,2022/09/22 15:59:52+00,JLAY,2022/09/22 15:59:52+00,350,Yes, ,Yes,Yes,Yes,Yes,"Yes, please call","Yes, please call",Yes,Community Health Center-FQHC,Private Non-Profit, ,,Andreina Pradas,202-420-7112/7141/7042,apradas@maryscenter.org,Yes,All,Yes,Yes,Yes,Yes,Yes,Yes,Yes,Yes-Immigrant,Yes,Yes,Yes,Yes,See Worksheet, ,Community Health Center-FQHC, , , , , , , , , , ,Yes, , , , , , ,Yes, ,Yes,Yes, ,Yes, ,Yes, ,Yes,Yes,Yes, ,"Dental, Health Ed/Nutrition, Mental Health, WIC, Adult & Child Literacy",Yes,Yes, ,Yes, ,Yes,"Yes, by phone", , ,Other - Modified open access,M-F 8:00 -11:00 AM and 1-3:00 PM,,9:00 AM - 5:00 PM,9:00 AM - 5:00 PM,9:00 AM - 5:00 PM,9:00 AM - 5:00 PM,,,Yes,Yes,Yes, ,Yes, ,Yes,Yes,"Armenian, Bamilek, Bosnia, Croatian, Danish, English Creole, Fulani (W. Africa), German, Haitian Creole, Hindi, Ibibio, Krio, Nepali, Portuguese, Shangana, Swahili & Twi",Yes - added,PC_17,No,"Obstetrics, Pediatrics, Primary Care, Psychaitry, Reproductive Health, STI Test/Treatment",NW,1C,,JLAY,2022/09/22 16:02:31+00,JLAY,2022/09/22 16:02:31+00,284370
-8574643.67900153,4710203.43487477,Children's Health Center - Shaw/Comp Clinic,2220 11TH STREET NW,WASHINGTON,DC,1,202-476-5500, , , , , ,https://childrensnational.org,004401, , ,Yes, ,No,Children and Adolescents,Yes, ,Yes, ,Yes, ,Yes, ,Private Non-Profit, ,,,,,PC_07,322,397629.74,139113.09,20001,20001,238963,,{CA0BAFFA-6986-440B-9E1E-BAEC12223D41},JLAY,2022/09/22 15:59:52+00,JLAY,2022/09/22 15:59:52+00,327,No,Children and Adolescents,Yes,Yes,Yes, ,"Yes, please call","Yes, please call",Yes, ,Private Non-Profit, ,, , , ,No,Children and Adolescents,Yes, ,Yes,Yes,Yes,Yes,Yes,Yes,Yes,Yes,Yes, , , , ,Hospital-Affiliated Clinic, , , , , , , , , , , , , , , , ,Yes, ,Yes, , , , , , , ,Yes,Yes, ,"Health Ed/Nutrition, Mental Health, WIC",Yes, , ,Yes, ,Yes,"Yes, by phone", ,www.childrensnational.org/RequestAppointment/,Yes,during clinic hours,8:00 AM - 4:30 PM,8:00 AM - 4:30 PM,8:00 AM - 4:30 PM,8:00 AM - 4:30 PM,8:00 AM - 4:30 PM,9:00 AM -4:00 PM,,Yes,Yes,Yes,Yes,Yes,Yes,Yes,Yes, , ,PC_07,No,"Pediatrics, Primary Care",NW,1B,,JLAY,2022/09/22 16:02:31+00,JLAY,2022/09/22 16:02:31+00,238963
-8576106.61827727,4710124.73020697,Community of Hope - Marie Reed Health Center,2155 CHAMPLAIN STREET NW,WASHINGTON,DC,1,202-232-9022, , , , , ,https://www.communityofhopedc.org,003801, , ,Yes -call, ,Yes, ,Yes,Yes,Yes,Yes,Yes,Private insurance is also accepted,Yes,FQHC,Private Non-Profit, ,,,,,PC_11,323,396489.2,139058.25,20009,20009,316200,,{1683DE4D-DD05-46D2-9AEE-6E7D384F06C4},JLAY,2022/09/22 15:59:52+00,JLAY,2022/09/22 15:59:52+00,351,Yes, ,Yes,Yes,Yes,Yes,"Yes, please call","Yes, please call",Yes,FQHC,Private Non-Profit, ,,Charla Everhart Lum,202-407-7749,clum@cohdc.org,Yes,All,Yes,Yes,Yes,Yes,Yes,Yes,Yes,Yes,Yes,Yes,Yes,Yes,Carefirst/Aetna/Cigna, ,FQHC, , , , , , ,Yes, , , ,Yes, , , , , , ,Yes, ,Yes,Yes, ,Yes, ,Yes, ,Yes,Yes,Yes, ,"Dental, Health Ed/Nutrition, Mental Health", ,Yes, ,Yes, ,Yes,"Yes, by phone",info.cohdc.org,Yes,"Yes, limited",(didn't list),8:30 AM - 5:00 PM,8:30 AM - 5:00 PM,8:30 AM - 8:00 PM,8:30 AM - 5:00 PM,8:30 AM - 5:00 PM,9:00 AM -3:30 PM,,Yes,Yes,Via translation line,Via translation line,Via translation line,Via translation line,Via translation line, ,Translation for all others,Yes - added,PC_11,Yes,"HIV/AIDS Care, Obstetrics, Pediatrics, Primary Care, Psychiatry, Reproductive Health, STI Test/Treatment",NW,1C,,JLAY,2022/09/22 16:02:31+00,JLAY,2022/09/22 16:02:31+00,316200
-8574007.41774038,4710053.01131284,Howard University Hospital Family Health Center,2139 GEORGIA AVENUE NW,WASHINGTON,DC,1,202-865-3250, , , , , ,https://www.huhealthcare.com/health-services/community-family/,003400, , ,Yes, ,Yes, , ,Yes,Yes,Yes,Yes,Private insurance is also accepted, , , , ,,,,,PC_14,324,398125.37,138996.25,20001,20001,291573,,{F68A263B-0F19-4050-AC32-B7DBC1B0E1FD},JLAY,2022/09/22 15:59:52+00,JLAY,2022/09/22 15:59:52+00,326,Yes, , ,Yes,Yes,Yes,"Yes, please call","Yes, please call", , , , ,, , , ,Yes,All, ,Yes,Yes,Yes,Yes,Yes,Yes,Yes-Refugees & Asylees,Yes, , ,Yes,"BC/BS, Cigna Commercial, Commercial Managed Care", , ,Hospital-Affiliated Clinic, , , , , , , , , , , , , , , , , , ,Yes, , , , , , , , , , ,None, , , , , ,Yes,"Yes, by phone", , ,Yes,Times vary.,8:30 AM - 6:00 PM,8:30 AM - 6:00 PM,8:30 AM - 6:00 PM,8:30 AM - 6:00 PM,8:30 AM - 6:00 PM,,,Yes,Yes,Yes, ,Yes,Yes, , ,Cyracom Telephone Onsite, ,PC_14,No,Primary Care,NW,1E,,JLAY,2022/09/22 16:02:31+00,JLAY,2022/09/22 16:02:31+00,291573
-8568725.58968101,4709910.95770779,Unity - Harbor Light Health Center,2100 NEW YORK AVENUE NE,WASHINGTON,DC,5,202-508-0500, , , , , ,https://www.unityhealthcare.org/,011100, , ,Yes, ,Yes,Homeless/Residential, , ,Yes,Yes, , ,Yes,Community Health Center-FQHC,Private Non-Profit, ,,,,,PC_41,325,402240.09,138886.13,20002,20002,286616,,{F62AF4D2-ED9A-4137-960D-07B7E2E46F04},JLAY,2022/09/22 15:59:52+00,JLAY,2022/09/22 15:59:52+00,324,Yes, , ,Yes,Yes,Yes,Please call,Please call,Yes,Community Health Center-FQHC,Private Non-Profit, ,,Provider Specialist or Human Resources,202-715-7900,Aalleyne@Unityhealthcare.org,Yes,All, ,Yes,Yes,Yes,Yes,Yes, , ,Yes,Yes,Yes, , , ,Community Health Center - FQHC, , , , , ,Yes, , , , , , , ,Yes, , , , , ,Yes,Yes, ,Yes, ,Yes, ,Yes, ,Yes, ,"Dental, Mental Health", ,Yes, , , ,Yes,"Yes, by phone", , ,Yes,varies,24 hours,24 hours,24 hours,24 hours,24 hours,24 hours,24 hours,Yes,Yes, , , , , , , , ,PC_41,No,"General Surgery, Oral Surgery, Primary Care, Psychiatry, Reproductive Health, STI Testing",NE,5C,,JLAY,2022/09/22 16:02:31+00,JLAY,2022/09/22 16:02:31+00,286616
-8570023.58471737,4709514.18835017,Unity - New York Avenue Homeless Shelter,1355 NEW YORK AVENUE NE,WASHINGTON,DC,5,202-508-0500, , , , , ,https://www.unityhealthcare.org/,008803, , ,Yes, ,Yes,Homeless/Residential,Yes, ,Yes,Yes, , ,Yes,Community Health Center-FQHC,Private Non-Profit, ,,,,,PC_45,326,401228.95,138578.06,20002,20002,66060,,{F7350E78-33CB-4010-BB18-83E41D911489},JLAY,2022/09/22 15:59:52+00,JLAY,2022/09/22 15:59:52+00,329,Yes, ,Yes,Yes,Yes,Yes,Please call,Please call,Yes,Community Health Center-FQHC,Private Non-Profit, ,,Provider Specialist or Human Resources,202-715-7900,aalleyne@Unityhealthcare.org,Yes,All, ,Yes,Yes,Yes,Yes,Yes, , ,Yes,Yes,Yes, , , ,Community Health Center-FQHC, , , , , ,Yes, , , , , , , ,Yes, , , , , ,Yes,Yes, ,Yes, ,Yes, ,Yes, ,Yes, ,"Dental, Mental Health", ,Yes, , , ,Yes,"Yes, by phone", , ,Yes,varies,,,5:00 PM - 9:00 PM,,5:00 PM - 9:00 PM,,,Yes,Yes, , , , , , , , ,PC_45,Yes,"General Surgery, Oral Surgery, Primary Care, Psychiatry, Reproductive Health, STI Testing",NE,5D,,JLAY,2022/09/22 16:02:31+00,JLAY,2022/09/22 16:02:31+00,66060
-8564254.51261104,4709036.70104723,Elaine Ellis Center of Health,1627 KENILWORTH AVENUE NE,WASHINGTON,DC,7,202-803-2340,,,,,,https://eechealth.com,009601,,,Please Call,,Yes,Please Call,Yes,Yes,Yes,,Please Call,,,,,,,,,,PC_53,327,405727.76,138206.26,20019,20019,150101,,{B7468899-A842-484B-952A-D2C9DA37E24C},JLAY,2022/09/22 15:59:52+00,JLAY,2022/09/22 15:59:52+00,344,Yes,Please Call,Yes,Yes,Yes,,Please call,Please call,,,,,,,,,Yes,Please Call,,,,,,,,,,,,,,,,,,,,,,,,,,,,,,,,,,,Yes,,,,,,,,,,,None,,,,,,,,,,,,9:00 AM - 6:00 PM,9:30 AM - 7:00 PM,9:00 AM - 6:00 PM,9:30 AM - 7:00 PM,9:30 AM - 2:00 PM,9:30 AM - 2:00 PM,,,,,,,,,,,,PC_53,Please call,Primary Care,NE,7C,,JLAY,2022/09/22 16:02:31+00,JLAY,2022/09/22 16:02:31+00,150101
-8575122.28025948,4708857.10366105,Whitman Walker - 1525 Medical Center,1525 14TH STREET NW,WASHINGTON,DC,2,202-745-7000,,,,,,https://www.whitman-walker.org,005001,,,,,,,,,,,,,,,,,,2016/02/12 00:00:00+00,Eva.Stern,ADD,PC_56,328,397256.54,138068.59,20005,20005,300332,,{21C94307-0472-4ED5-81FB-AA1881737619},JLAY,2022/09/22 15:59:52+00,JLAY,2022/09/22 15:59:52+00,359,,,,,,,,,,,,,,,,,,,,,,,,,,,,,,,,,,,,,,,,,,,,,,,,,,,,,,,,,,,,,,,,,,,,,,,,,,,,8:30 AM - 12:30 PM  1:30 PM - 5:00 PM,8:30 AM - 12:30 PM  1:30 PM - 5:00 PM,8:30 AM - 12:30 PM  1:30 PM - 5:00 PM,8:30 AM - 12:30 PM  1:30 PM - 5:00 PM,8:30 AM - 12:30 PM  1:30 PM - 5:00 PM,,,,,,,,,,,,,PC_56,,,NW,2F,,JLAY,2022/09/22 16:02:31+00,JLAY,2022/09/22 16:02:31+00,300332
-8574008.32447995,4708836.59108625,Bread for the City,1525 7TH STREET NW,WASHINGTON,DC,2,202-386-7020, , , , , ,https://breadforthecity.org,004801, , ,Yes -some, ,No,"Only Medicaid, Alliance & Uninsured DC residents",Yes,Yes,Yes,Yes,No,NONE,No fees,Community Health Center - FREE Clinic,Private Non-Profit, ,,,,,PC_02,329,398127.04,138052.13,20001,20001,297622,,{51080743-4677-4009-923F-4769EB7E321C},JLAY,2022/09/22 15:59:52+00,JLAY,2022/09/22 15:59:52+00,322,No,"Only Medicaid, Alliance & Uninsured DC residents",Yes,Yes,Yes,Yes,No,No,No fees,Community Health Center - FREE Clinic,Private Non-Profit, ,, , , ,No,"Only Medicaid, Alliance & Uninsured DC residents",Yes,Yes,Yes,Yes,Yes,Yes,Yes,Everyone,Yes,Yes,Yes,Alliance,NONE,All Private Insurance Not accepted,Community Health Center - FREE Clinic, , , , , , , , , , , , , , ,Dental, , ,Yes, ,Yes, , ,Yes, ,Yes, ,Yes,Yes, , ,"Dental, Health Ed/Nutrition", ,Yes, ,Yes, ,Yes - few per day,"Yes, by phone", , ,"Yes, limited",Same day and Next Day Only for New & returning patients.,8:30 AM - 5:00 PM,8:30 AM - 5:00 PM,8:30 AM - 5:00 PM,8:30 AM - 5:00 PM,8:30 AM - 12:00 PM,,,Yes,Yes,Via Language Line,Via Language Line,Via Language Line,Via Language Line,Via Language Line, ,Interpreter available for any languages, ,PC_02,No,"Pediatrics, Primary Care, Reproductive Health, STI Testing",NW,2G,,JLAY,2022/09/22 16:02:31+00,JLAY,2022/09/22 16:02:31+00,297622
-8572836.76182775,4708537.61329577,S.O.M.E (So Others Might Eat),60 O STREET NW,WASHINGTON,DC,5,202-797-8806, , , , , ,https://some.org,004600, , ,Yes, ,No,Homeless and under-served,Yes,Yes,Yes,Yes, ,N/A,Yes,Community Health Center,Private Non-Profit, ,,,,,PC_26,330,399037.2,137820.26,20001,20001,236940,,{1A5177D9-B4EC-4D99-AA3C-F12BC91E6B20},JLAY,2022/09/22 15:59:52+00,JLAY,2022/09/22 15:59:52+00,323,No,Homeless and under-served,Yes,Yes,Yes,Yes,No,No,Yes,Community Health Center,Private Non-Profit, ,,Carolyn Penn,202-797-8806,cpenn@some.org,No,Homeless-under-served, ,Yes, ,Yes,Yes, , , , ,Yes,Yes,Yes,N/A, ,Community Health Center, , , , , , , , , , , , , ,Yes,Opthalmology, , , , ,Yes,Yes, , , , , ,Yes, ,Yes, ,"Dental, Mental Health", ,Yes, , , ,Yes,"Yes, by phone", , ,Yes,Monday -Friday  8:00 AM - 2:00 PM,8:00 AM - 4:00 PM,8:00 AM - 4:00 PM,8:00 AM - 4:00 PM,8:00 AM - 4:00 PM,8:00 AM - 4:00 PM,,,Yes,Yes, , , , , , , , ,PC_26,No,"Opthalmology, Oral Surgery, Primary Care, Psychiatry",NW,5E,,JLAY,2022/09/22 16:02:31+00,JLAY,2022/09/22 16:02:31+00,236940
-8575099.3297243,4708440.9088816,Unity - N Street Village Health Center,1333 N STREET NW,WASHINGTON,DC,2,202-508-0500, , , , , ,https://www.unityhealthcare.org/,005003, , ,Yes, ,Yes,Homeless/Residential,Yes, ,Yes,Yes, , ,Yes,Community Health Center-FQHC,Private Non-Profit, ,,,,,PC_44,331,397274.31,137745.63,20005,20005,298405,,{8360C6D4-276D-4EC7-A547-6BF8BDCB1DBD},JLAY,2022/09/22 15:59:52+00,JLAY,2022/09/22 15:59:52+00,331,Yes, ,Yes,Yes,Yes,Yes,Please call,Please call,Yes,Community Health Center-FQHC,Private Non-Profit, ,,Provider Specialist or Human Resources,202-715-7900,Aalleyne@Unityhealthcare.org,Yes,All, ,Yes,Yes,Yes,Yes,Yes, , ,Yes,Yes,Yes, , , ,Community Health Center - FQHC, , , , , ,Yes, , , , , , , ,Yes, , , , , ,Yes,Yes, ,Yes, ,Yes, ,Yes, ,Yes, ,Dental, ,Yes, , , ,Yes,"Yes, by phone", , ,Yes,varies,,9:00 AM - 12:00 PM,9:00 AM - 12:00 PM,9:00 AM - 12:00 PM,9:00 AM - 12:00 PM,,,Yes,Yes, , , , , , , , ,PC_44,No,"General Surgery, Oral Surgery, Primary Care, Psychiatry, Reproductive Health, STI Testing",NW,2F,,JLAY,2022/09/22 16:02:31+00,JLAY,2022/09/22 16:02:31+00,298405
-8571629.61440312,4708262.11705959,Planned Parenthood - Carol Whitehill Moses Center,1225 4TH STREET NE,WASHINGTON,DC,6,202-347-8500 ,,,,,,https://www.plannedparenthood.org/health-center/district-of-columbia/washington/20002/,010602,,,,,Yes,,Yes,Yes,Yes,,"Yes, Please Call","Yes, Please Call",Yes,Other - Planned Parenthood,Private Non-Profit,,,2016/10/05 00:00:00+00,Eva.Stern,ADD,PC_57,332,399977.74,137606.42,20002,20002,70908,,{548FE0F8-5F2F-4438-B4D6-D8C108349B82},JLAY,2022/09/22 15:59:52+00,JLAY,2022/09/22 15:59:52+00,348,Yes,,Yes,Yes,Yes,<Null>,"Yes, please call","Yes, please call",Yes,Other - Planned Parenthood,Private Non-Profit,,,Renee McRae,202-347-8500 ext. 7232,renee.mcraw@ppmw.org,Yes,All,Yes,Yes,Yes,Yes,Yes,Yes,Yes,,Yes,,Yes,Yes,See Worksheet,,Other - Planned Parenthood,,,,,,,,,,,,,,,,,,,,Limited,,,Family Planning,,STI Testing,,,Yes,,Yes,"Medical: Primary Care (Limited), Reproductive Health, STI Test/Treatment;
Other: Health Ed/Nutrition, Pharmacy
Medical: Primary Care (Limited), Reproductive Health, STI Test/Treatment;
Other: Health Ed/Nutrition, Pharmacy",,,,,,Yes,"Yes, by phone",,,Yes,,,8:00 AM - 6:30 PM,8:00 AM - 6:30 PM,8:00 AM - 4:30 PM,8:00 AM - 4:30 PM,8:00 AM - 5:30PM ,8:00 AM - 5:30PM ,Yes,Yes,,,,,,,,,PC_57,"Yes, limited","Primary Care (Limited), Reproductive Health, STI Test/Treatment",NE,6C,,JLAY,2022/09/22 16:02:31+00,JLAY,2022/09/22 16:02:31+00,70908
-8573087.24664132,4708128.1680929,Providence Hospital's Perry Family Health Center,128 M STREET NW,WASHINGTON,DC,6,202-682-3840, , , , , ,https://healthcare.ascension.org/locations/district-of-columbia/dcwas/washington-providence-health-services-center-for-g,004704, , ,Yes, ,Yes, ,Yes,Yes,Yes,Yes,Yes,Private insurance is also accepted,Yes, ,Private Non-Profit, ,,,,,PC_25,333,398841.99,137502.56,20001,20001,279016,,{80E115C1-DB1A-4520-BA49-AF40C4BBFB25},JLAY,2022/09/22 15:59:52+00,JLAY,2022/09/22 15:59:52+00,321,Yes, ,Yes,Yes,Yes,Yes,"Yes, please call","Yes, please call",Yes, ,Private Non-Profit, ,, , , ,Yes,All,Yes,Yes,Yes,Yes,Yes,Yes,Yes, ,Yes,Yes,Yes,Yes,See Worksheet, , ,Hospital-Affiliated Clinic, , , , , , , , , , , , , , , , ,Yes, ,Yes,Yes, ,Yes, , , , ,Yes,Yes, ,"Health Ed/Nutrition, Mental Health", , , , , ,Yes,"Yes, by phone", , ,Yes, ,8:00 AM - 5:00 PM,8:00 AM - 5:00 PM,8:00 AM - 5:00 PM,8:00 AM - 5:00 PM,8:00 AM - 5:00 PM,,, ,Yes, , , , , , , , ,PC_25,Yes,"Pediatrics, Primary Care, Psychiatry, Reproductive Health",NW,6E,,JLAY,2022/09/22 16:02:31+00,JLAY,2022/09/22 16:02:31+00,279016
-8570519.3795021,4702416.43783446,Children's Health Center - Anacostia,2101 MARTIN LUTHER KING JR AVENUE SE,WASHINGTON,DC,8,202-476-6900,,,,,,https://childrensnational.org/primary-care/anacostia,007503,,,,,,,,,,,,,,,,,,2020/03/13 00:00:00+00,geoffrey.hatchard,ADD,PC_58,334,400843.47,133070.34,20020,20020,278064,,{13B23F63-A23E-4D70-ADB5-74B9A9D0E04C},JLAY,2022/09/22 15:59:52+00,JLAY,2022/09/22 15:59:52+00,361,,,,,,,,,,,,,,,,,,,,,,,,,,,,,,,,,,,,,,,,,,,,,,,,,,,,,,,,,,,,,,,,,,,,,,,,,,,,8:00 AM - 4:00 PM,8:00 AM - 4:00 PM,8:00 AM - 4:00 PM,8:00 AM - 4:00 PM,8:00 AM - 4:00 PM,,,,,,,,,,,,,PC_58,,,SE,8A,,JLAY,2022/09/22 16:02:31+00,JLAY,2022/09/22 16:02:31+00,278064
-8570628.22745712,4702133.41030732,Whitman Walker - Max Robinson Medical Center,2301 MARTIN LUTHER KING JR AVENUE SE,WASHINGTON,DC,8,202-797-3567, , , , , ,https://www.whitman-walker.org,007401, , ,Other, ,Yes, ,Yes,Yes,Yes,Yes,Yes,Private insurance is also accepted,Yes,"Community Health Center, FQHC Look-alike",Private Non-Profit, ,,,,,PC_52,335,400755.4,132854.3,20020,20020,48991,,{44D32E8F-F839-4374-98AD-23CC35C74324},JLAY,2022/09/22 15:59:52+00,JLAY,2022/09/22 15:59:52+00,346,Yes, ,Yes,Yes,Yes,Yes,"Yes, please call","Yes, please call",Yes,"Community Health Center, FQHC Look-alike",Private Non-Profit, ,, , , ,Yes,All, ,Yes,Yes,Yes,Yes,Yes,Yes, ,Yes,"Yes, if engaged with core service agency who accompanies the patient to the appointment.",Yes,Yes,Yes -See Worksheet, ,"Community Health Center, FQHC Look-alike", , , , , , , ,Yes, , , , , , , , , , , ,Yes,Yes, ,Yes, ,Yes, ,Yes - for their patients who also receive either medical or behavioral health services from one of their facilities.,Yes,Yes,Yes,"Dental, Health Ed/Nutrition, Mental Health, Addiction Counseling, Case Management,  Day treatment, HIV Testing, Legal Services  ", ,"Referrals/emergency assistance for Transportation, housing, Food.", ,For their patients., ,Yes,"Yes, by phone",appointments@whitman-walker.org, ,"Yes, limited to existing patients and newly diagnosed people with HIV.",Red Carpet is available on a first come first serve basis Monday-Friday 9:00 AM to 5:00 PM.  Red Carpet services means client registered for services - see either Public Benefits about insurance or medical adherence nurse to discuss HIV.,8:30 AM - 12:30 PM 1:30PM - 5:30 PM 1:30 PM - 5:00 PM,8:30 AM - 12:30 PM 1:30PM - 5:30 PM,1:30 PM - 12:00 AM,8:30 AM - 12:30 PM 1:30PM - 5:30 PM,8:30 AM - 12:30 PM 2:15PM - 5:30 PM,,,Yes, , , , , , , , , ,PC_52,No,"Infectious Disease, Primary Care, Psychiatry, Reproductive Health, STI Test/Treatment",SE,8A,,JLAY,2022/09/22 16:02:31+00,JLAY,2022/09/22 16:02:31+00,48991
-8569771.39298623,4702082.02066875,Unity - Anacostia Health Center,1500 GALEN STREET SE,WASHINGTON,DC,8,202-469-4699, , , , , ,https://www.unityhealthcare.org/,007503, , ,Yes, ,Yes,Homeless/Residential,Yes,Yes,Yes,Yes,Yes,Private insurance is also accepted,Yes,Community Health Center-FQHC,Private Non-Profit, ,,,,,PC_29,336,401423.11,132815.01,20020,20020,277592,,{3234EA00-8B05-4996-A8C1-5221022642B6},JLAY,2022/09/22 15:59:52+00,JLAY,2022/09/22 15:59:52+00,347,Yes, ,Yes,Yes,Yes,Yes,"Yes, please call","Yes, please call",Yes,Community Health Center-FQHC,Private Non-Profit, ,,Provider Specialist or Human Resources,202-715-7900,Aalleyne@Unityhealthcare.org,Yes,Yes,Yes,Yes,Yes,Yes,Yes,Yes, ,Yes,Yes,Yes,Yes,Yes.,"Aetna, United, HealthCare, BC BC/BS", ,"Community Health Center, FQHC", , , , , , , ,Yes, , ,Yes, , , , , , ,Yes,Yes,Yes,Yes, ,Yes, ,Yes, ,Yes,Yes,Yes,Yes,"Dental, Health Ed/Nutrition, Mental Health, Pharmacy, WIC",Yes,Yes, , , ,Yes,"Yes, by phone", ,Through Website,Yes,"Next day walk-ins; M-Thur. - 5:00 - 8:00 pm; Saturday 8: AM - 2 PM",8:00 AM - 9:00 PM,8:00 AM - 9:00 PM,8:00 AM - 9:00 PM,8:00 AM - 9:00 PM,8:00 AM - 9:00 PM,8:00 AM - 9:00 PM,,English, , , , , , , , , ,PC_29,Yes,"Infectious Disease, Obstetrics, Pedicatrics, Podiatry, Primary Care, Psychiatry, Reproductive Health, STI Test/Treatment",SE,8A,,JLAY,2022/09/22 16:02:31+00,JLAY,2022/09/22 16:02:31+00,277592
-8571014.2322859,4700307.00366229,Unity - 801 East Health Center,2700 MARTIN LUTHER KING JR AVENUE SE,WASHINGTON,DC,8,202-508-0500, , , , , ,https://www.unityhealthcare.org/,010400, , ,Yes, ,Yes,Homeless/Residential,Yes, ,Yes,Yes, , ,Yes,Community Health Center-FQHC,Private Non-Profit, ,,,,,PC_28,337,400457.58,131430.9,20032,20032,301562,,{562D685F-9B5B-4C1D-82A4-0AEF003CE07E},JLAY,2022/09/22 15:59:52+00,JLAY,2022/09/22 15:59:52+00,334,Yes, ,Yes,Yes,Yes,Yes,Please call,Please call,Yes,Community Health Center-FQHC,Private Non-Profit, ,,Provider Specialist or Human Resources,202-715-7900,Aalleyne@Unityhealthcare.org,Yes,All, ,Yes,Yes,Yes,Yes,Yes, , ,Yes,Yes,Yes, , , ,"Community Health Center, FQHC", , , , , ,Yes, , , , , , , ,Yes, , , , , ,Yes,Yes, ,Yes, ,Yes, ,Yes, ,Yes, ,"Dental, Health Ed/Nutrition", ,Yes, , , ,Yes,"Yes, by phone", , ,Yes, ,8:00 AM - 12:00 PM  5:00 PM - 9:00 PM,8:00 AM - 12:00 PM  5:00 PM - 9:00 PM,8:00 AM - 12:00 PM  5:00 PM - 9:00 PM,8:00 AM - 12:00 PM  5:00 PM - 9:00 PM,8:00 AM - 12:00 PM  5:00 PM - 9:00 PM,,,Yes,Yes, , , , , , , , ,PC_28,Yes,"General Surgery, Oral Surgery, Primary Care, Psychiatry, Reproductive Health, STI Testing",SE,8C,,JLAY,2022/09/22 16:02:31+00,JLAY,2022/09/22 16:02:31+00,301562
-8569446.45747248,4700104.50070062,Unity - Stanton Road Health Center,3240 STANTON ROAD SE,WASHINGTON,DC,8,202-469-4699, , , , , ,https://www.unityhealthcare.org/,007404, , ,Yes, ,Yes,Homeless/Residential,Yes,Yes,Yes,Yes,Yes,Private insurance is also accepted,Yes,Community Health Center-FQHC,Private Non-Profit, ,,,,,PC_48,338,401680.65,131271.97,20020,20020,156534,,{C7CC0D52-1B70-409F-9A31-EE47C8B963BB},JLAY,2022/09/22 15:59:52+00,JLAY,2022/09/22 15:59:52+00,354,Yes, ,Yes,Yes,Yes,Yes,"Yes, please call","Yes, please call",Yes,Community Health Center-FQHC,Private Non-Profit, ,,Provider Specialist or Human Resources,202-715-7900,AAlleyne@UnityHealthCare.org,Yes,All,Yes,Yes,Yes,Yes,Yes,Yes,Yes, ,Yes,Yes,Yes,Yes,Blue Cross- All plans, ,Community Health Center - FQHC, , , , , , , , , , ,Yes, , , , , , , , ,Yes, , ,Yes, ,Yes, , ,Yes, , ,Health Ed/Nutrition, , , , , ,Yes,"Yes, by phone",Yes,Yes,Yes,Limited in the AM,8:00 AM - 8:00 PM,8:00 AM - 8:00 PM,8:00 AM - 8:00 PM,8:00 AM - 8:00 PM,8:00 AM - 8:00 PM,,,Yes,Yes,Yes,Yes,Yes,Yes,Yes, ,All languages through the language line, ,PC_48,No,"Obstetrics, Primary Care, Reproductive Health, STI Test/Treatment",SE,8C,,JLAY,2022/09/22 16:02:31+00,JLAY,2022/09/22 16:02:31+00,156534
-8568853.88734282,4699288.29432966,Children's Health Center - THE ARC,1901 MISSISSIPPI AVENUE SE,WASHINGTON,DC,8,202-436-3060, , , , , ,https://www.childrenshealthfund.org,007409, , ,Yes, ,No,Children and Adolescents,Yes, ,Yes, ,Yes, ,Yes, ,Private Non-Profit, ,,,,,PC_08,339,402142.37,130640.01,20020,20020,295845,,{3C2EB262-0BFF-46D7-9EE6-735D30A305FD},JLAY,2022/09/22 15:59:52+00,JLAY,2022/09/22 15:59:52+00,356,No,Children and Adolescents,Yes,Yes,Yes, ,"Yes, please call","Yes, please call",Yes, ,Private Non-Profit, ,, , , ,No,Children and Adolescents,Yes, ,Yes,Yes,Yes,Yes,Yes,Yes,Yes,Yes,Yes, , , , ,Hospital-Affiliated Clinic, , , , , , , , , , , , , , , , ,Yes, ,Yes, , , , , , , ,Yes,Yes, ,"Health Ed/Nutrition, Mental Health, WIC",Yes, , ,Yes, ,Yes,"Yes, by phone", ,www.childrensnational.org/RequestAppointment/,Yes,during clinic hours,8:00 AM - 8:00 PM,8:00 AM - 8:00 PM,8:00 AM - 8:00 PM,8:00 AM - 8:00 PM,8:00 AM - 8:00 PM,8:00 AM - 4:00 PM,,Yes,Yes,Yes,Yes,Yes,Yes,Yes,Yes, , ,PC_08,No,"Pediatrics, Primary Care",SE,8E,,JLAY,2022/09/22 16:02:31+00,JLAY,2022/09/22 16:02:31+00,295845
-8572568.71864908,4697532.77082049,Community of Hope - Conway Health and Resource Center,4 ATLANTIC STREET SW,WASHINGTON,DC,8,202-540-9857,,,,,,"https://www.communityofhopedc.org
",009807,,,,,Yes,No,Yes,Yes,Yes,Yes,Yes,"Yes, except Kaiser
",Yes,"Community Health Center-FQHC
","Non-Profit 
",,,,,,PC_54,340,399243.33,129263.18,20032,20032,309361,,{E3241E5F-BABC-4348-BBE6-508805E1110E},JLAY,2022/09/22 15:59:52+00,JLAY,2022/09/22 15:59:52+00,357,Yes ,No,Yes,Yes,Yes ,Yes ,Yes,"Yes, except Kaiser",Yes ,Community Health Center-FQHC,Non-Profit ,,,,,,Yes,All ,Yes ,Yes,Yes,Yes,Yes,Yes,Yes,,Yes,No,Yes,Yes,"Medicaid, Alliance, Trusted Health Plan, MedStar, Amerihealth Plan, AETNA, Cigna, Carefirst BlueCross BlueShield",Kaiser ,,,No,No,No,No,No,Yes,Yes,No,No,Yes,No,Yes,No,N/A ,No,No,Yes,Yes,Yes,Yes,No,Yes,No,Yes,No,Yes,Yes,Yes,No,"Infectious Disease, Primary Care, Pediatrics, Reproductive Health, Psychiatry, Podiatry, Obstetrics, Opthalmology, STI Test/Treatment, Dental, Social Services, Health Ed./Nutrition, HIV/AIDS Care ",,,,,,,,,,Yes,,8:30 AM - 5:00 PM,8:30 AM - 5:00 PM,8:30 AM - 5:00 PM,8:30 AM - 5:00 PM,8:30 AM - 5:00 PM,9:00 AM - 3:30 PM,,Yes,Yes,,,Yes,No,No,No,No,,PC_54,Yes ,"Primary Care, Pediatrics, Reproductive Health, Psychiatry, Podiatry, Obstetrics, STI Test/Treatment, Dental, Social Services, Health Ed./Nutrition, Infectious Disease, HIV/AIDS Care ",SW,8D,No,JLAY,2022/09/22 16:02:31+00,JLAY,2022/09/22 16:02:31+00,309361
-8579981.3970661,4709104.34214434,Georgetown Hospital's Physicians Group,3800 RESERVOIR ROAD NW,WASHINGTON,DC,2,202-342-2400, , , , , ,https://www.medstarhealth.org/locations/medstar-georgetown-university-hospital,000201, , ,No, ,Yes, ,Yes, ,Yes,Yes,Yes,Private insurance is also accepted,Yes, ,Private Non-Profit, ,,,,,PC_13,341,393468.94,138241.62,20007,20007,291547,,{B0E5E683-6B8F-498C-8FCF-2E61ECE33B75},JLAY,2022/09/22 15:59:52+00,JLAY,2022/09/22 15:59:52+00,339,Yes, ,Yes,Yes,Yes,Yes,"Yes, please call","Yes, please call",Yes, ,Private Non-Profit, ,, , , ,Yes,All,Yes,Yes, ,Yes,Yes,Yes,Yes, ,Yes,Yes,Yes, ,See Worksheet, , ,Hospital-Affiliated Clinic,Yes, ,Yes,Yes, ,Yes,Yes,Yes,Yes,Yes,Yes, ,Yes, ,Yes,Yes,Yes,Yes,Yes,Yes,Yes,Yes,Yes, ,Yes, , , ,Yes,Pharmacy, , , , , ,Yes,"Yes, by phone", , ,No, ,24 hours,24 hours,24 hours,24 hours,24 hours,24 hours,24 hours,Yes,Yes, , , , ,Yes,Yes,"Arabic, Portuguese", ,PC_13,No,"Cardiology, Endocrinology, Gastroenterology, HIV/AIDS Care, Infectious Disease, Nephrology, Neurology, Obstetrics, Oncology, Oral Surgery, Orthopedic, Pediatrics, Podiatry, Primary Care, Psychiatry, Pulmonary, Reproductive Health, Rheumatology, Urology",NW,2E,,JLAY,2022/09/22 16:02:31+00,JLAY,2022/09/22 16:02:31+00,291547
-8573732.59669723,4707404.80144918,Unity - Patricia Handy Place,810 5TH STREET NW,WASHINGTON,DC,2,202-508-0500,,,,,,https://www.unityhealthcare.org,005801,,,,,,,,,,,,,,,,,,2020/03/13 00:00:00+00,geoffrey.hatchard,ADD,PC_59,342,398337.21,136945.51,20001,20001,218764,,{8C1A1512-956B-4657-9CD1-1E524AD278A5},JLAY,2022/09/22 15:59:52+00,JLAY,2022/09/22 15:59:52+00,362,,,,,,,,,,,,,,,,,,,,,,,,,,,,,,,,,,,,,,,,,,,,,,,,,,,,,,,,,,,,,,,,,,,,,,,,,,,,7:00 AM - 3:30 PM 5:00 PM - 9:00 PM,7:00 AM - 3:30 PM,7:00 AM - 3:30 PM 5PM - 9:00 PM,7:00 AM - 3:30 PM,7:00 AM - 3:30 PM,,,,,,,,,,,,,PC_59,,,NW,2C,,JLAY,2022/09/22 16:02:31+00,JLAY,2022/09/22 16:02:31+00,218764
-8580577.47018028,4714708.6217415,Unity - Friendship Place Health Center,4713 WISCONSIN AVENUE NW,WASHINGTON,DC,3,202-508-0500, , , , , ,https://www.unityhealthcare.org/,001100, , ,Yes, ,Yes,Homeless/Residential,Yes, ,Yes,Yes, , ,Yes,Community Health Center-FQHC,Private Non-Profit, ,,,,,PC_39,343,393010.31,142610.41,20016,20016,274422,,{849D2BFA-48A5-4416-8089-ABD2A95D30AF},JLAY,2022/09/22 15:59:52+00,JLAY,2022/09/22 15:59:52+00,335,Yes, ,Yes,Yes,Yes,Yes,Please call,Please call,Yes,Community Health Center-FQHC,Private Non-Profit, ,,Provider Specialist or Human Resources,202-715-7900,Aalleyne@Unityhealthcare.org,Yes,All, ,Yes,Yes,Yes,Yes,Yes, , ,Yes,Yes,Yes, , , ,Community Health Center - FQHC, , , , , ,Yes, , , , , , , ,Yes, , , , , ,Yes,Yes, ,Yes, ,Yes, ,Yes, ,Yes, ,"Dental, Mental Health", ,Yes, , , ,Yes,"Yes, by phone", , ,Yes,varies,1:00 PM - 4:30 PM,,,,,,,Yes,Yes, , , , , , , , ,PC_39,No,"General Surgery, Oral Surgery, Primary Care, Psychiatry, Reproductive Health, STI Testing",NW,3E,,JLAY,2022/09/22 16:02:31+00,JLAY,2022/09/22 16:02:31+00,274422
-8575207.23929762,4707815.64489235,MetroHealth,1012 14TH STREET NW,WASHINGTON,DC,2,202-638-0750, , , , , ,https://metrohealthdc.org,010100, , ,varies - 2 am and 2 pm slots per day, ,Yes, ,Yes,Yes,Yes,Pending,Yes,Private insurance is also accepted,Yes,Community Health Center,Private Non-Profit, ,,,,,PC_03,344,397190.06,137260.45,20005,20005,240262,,{B461A680-6CAA-4007-BB49-BB4098B474DF},JLAY,2022/09/22 15:59:52+00,JLAY,2022/09/22 15:59:52+00,332,Yes, ,Yes,Yes,Yes,Pending,"Yes, please call","Yes, please call",Yes,Community Health Center,Private Non-Profit, ,, , , ,Yes,All, ,Yes,Yes,Yes,Yes,Yes,Yes, ,Yes,Yes,Yes,Yes,See Worksheet, ,Community Health Center, , , , , , ,Yes,Yes, , , , , , ,Family Medicine, , , , ,Yes, , ,Yes - Limited, ,Yes, , ,Yes,Yes, ,"Health Ed/Nutrition, Mental Health", ,Yes, ,Yes, ,Yes,"Yes, by phone", , ,"Yes, limited",varies,8:30 AM - 7:00 PM,8:30 AM - 5:00 PM,9:30 AM - 7:00 PM,8:30 AM - 5:00 PM,9:30 AM - 5:00 PM,,,Yes,Yes, , , , ,French,Limited, , ,PC_03,Yes,"Family Medicine, HIV/AIDS Care, Infections Disease, Primary Care, Reproductive Health, STI Test/Treatment",NW,2C,,JLAY,2022/09/22 16:02:31+00,JLAY,2022/09/22 16:02:31+00,240262
-8576699.82704079,4707768.53323543,Children's Health Center - Foggy Bottom,2101 K STREET NW,WASHINGTON,DC,2,202-833-4543,,,,,,https://childrensnational.org/primary-care/foggy-bottom,010700,,,,,,,,,,,,,,,,,,2020/03/13 00:00:00+00,geoffrey.hatchard,ADD,PC_60,345,395935.38,137219.4,20006,20006,218615,,{923CF40F-EC34-4B99-877A-FC237C224E95},JLAY,2022/09/22 15:59:52+00,JLAY,2022/09/22 15:59:52+00,363,,,,,,,,,,,,,,,,,,,,,,,,,,,,,,,,,,,,,,,,,,,,,,,,,,,,,,,,,,,,,,,,,,,,,,,,,,,,8:00 AM - 5:00 PM,8:00 AM - 5:00 PM,8:00 AM - 5:00 PM,8:00 AM - 5:00 PM,8:00 AM - 5:00 PM,,,,,,,,,,,,,PC_60,,,NW,2A,,JLAY,2022/09/22 16:02:31+00,JLAY,2022/09/22 16:02:31+00,218615
-8569176.95508788,4707474.41865321,Community of Hope - Family Health & Birth,801 17TH STREET NE,WASHINGTON,DC,5,202-398-5520, , , , , ,https://www.communityofhopedc.org,008904, , ,Yes -call, ,Yes, ,Yes,Yes,Yes,Yes,Yes,Private insurance is also accepted,Yes,FQHC,Private Non-Profit, ,,,,,PC_10,346,401897.11,136990.28,20002,20002,288960,,{AD260588-AAE8-4448-87A2-FE2F648639C6},JLAY,2022/09/22 15:59:52+00,JLAY,2022/09/22 15:59:52+00,330,Yes, ,Yes,Yes,Yes,Yes,"Yes, please call","Yes, please call",Yes,FQHC,Private Non-Profit, ,,Charla Everhart Lum,202-407-7749,clum@cohdc.org,Yes,All,Yes,Yes,Yes,Yes,Yes,Yes,Yes,Yes,Yes,Yes,Yes,Yes,Carefirst/Aetna/Cigna, ,FQHC, , , , , , ,Yes, , , ,Yes, , , , , , ,Yes, ,Yes,Yes, ,Yes, ,Yes, ,Yes,Yes,Yes, ,"Dental, Health Ed/Nutrition, Mental Health", ,Yes, ,Yes, ,Yes,"Yes, by phone", , ,"Yes, limited",(didn't list),9:00 AM - 5:00 PM,9:00 AM - 7:30 PM,9:00 AM - 5:00 PM,9:00 AM - 5:00 PM,9:00 AM - 5:00 PM,9:00 AM - 3:30PM,,Yes,Yes,Via translation line line,Via translation line,Via translation line,Via translation line,Via translation line, ,Translation for all others, ,PC_10,Yes,"HIV/AIDS, Obstetrics, Pediatrics, Primary Care, Psychiatry, Reproductive Health, STI Test/Treatment",NE,5D,,JLAY,2022/09/22 16:02:31+00,JLAY,2022/09/22 16:02:31+00,288960
-8565752.60686206,4707418.78374164,Unity - Parkside Health Center,765 KENILWORTH TERRACE NE,WASHINGTON,DC,7,202-469-4699,,,,,,https://www.unityhealthcare.org,009602,,,,,Yes,Homeless/Residential,Yes,Yes,Yes,Yes,Yes,"Yes, except Kaiser
",Yes,"Community Health Center-FQHC
","Non-Profit 
",,,,,,PC_55,347,404557.27,136953.28,20019,20019,310407,,{B5C828D8-EC70-4113-BFC5-0591F7FF2F3F},JLAY,2022/09/22 15:59:52+00,JLAY,2022/09/22 15:59:52+00,358,Yes,No,Yes,Yes ,Yes ,Yes ,Yes ,"Yes, except Kaiser",Yes ,Community Health Center-FQHC,Non-Profit ,,,,,,Yes ,All ,Yes,Yes,Yes,Yes,Yes,Yes,Yes,,Yes,Yes,Yes,Yes,"Medicaid, Medicare, AmeriHealth, MedStar Family Choice, Trusted Health Plan ",Kaiser ,,,No,Yes,No,No,No,Yes,No,No,No,Yes,No,Yes,No,N/A ,Yes,No,Yes,Yes,Yes,No,No,Yes,No,No,No,Yes,Yes,"Yes, Behavioral ",No,"Primary Care, Pediatrics, Reproductive Health, Psychiatry, Podiatry, Obstetrics, Dental, Social Services, Health Ed./Nutrition, HIV/AIDS Care, Mental Health, Dermatology, Orthopedic, Opthalmology ",,Yes,,,,,,,,Yes,,8:00 AM - 9:00 PM,8:00 AM - 9:00 PM,8:00 AM - 9:00 PM,8:00 AM - 9:00 PM,8:00 AM - 9:00 PM,,,Yes,,,,,,,,Interpreter service provided ,,PC_55,No,"Primary Care, Pediatrics, Reproductive Health, Psychiatry, Podiatry, Obstetrics, Dental, Social Services, Health Ed./Nutrition, HIV/AIDS Care, Mental Health, Dermatology, Orthopedic, Opthalmology ",NE,7D,No,JLAY,2022/09/22 16:02:31+00,JLAY,2022/09/22 16:02:31+00,310407
-8575069.1245581,4707344.65179698,Unity - Downtown BID,1313 NEW YORK AVENUE NW,WASHINGTON,DC,2,202-508-0500,,,,,,https://www.unityhealthcare.org,010100,,,,,,,,,,,,,,,,,,2020/03/13 00:00:00+00,geoffrey.hatchard,ADD,PC_61,348,397292.44,136903.07,20005,20005,279043,,{53F1E771-495F-418D-AFBA-6C5203AC605D},JLAY,2022/09/22 15:59:52+00,JLAY,2022/09/22 15:59:52+00,364,,,,,,,,,,,,,,,,,,,,,,,,,,,,,,,,,,,,,,,,,,,,,,,,,,,,,,,,,,,,,,,,,,,,,,,,,,,,9:00 AM - 5:00 PM,9:00 AM - 5:00 PM,9:00 AM - 5:00 PM,9:00 AM - 5:00 PM,9:00 AM - 5:00 PM,,,,,,,,,,,,,PC_61,,,NW,2C,,JLAY,2022/09/22 16:02:31+00,JLAY,2022/09/22 16:02:31+00,279043
-8572834.24387638,4707169.9722403,Unity - Central Union Mission - Gales School,65 MASSACHUSETTS AVENUE NW,WASHINGTON,DC,6,202-508-0500,,,,,,https://www.unityhealthcare.org,004702,,,,,Yes,Homeless/Residential,Yes,Yes,Yes,Yes,Yes,,Yes,Community Health Center-FQHC,Private Non-Profit,,,2020/03/13 00:00:00+00,geoffrey.hatchard,ADD,PC_62,349,399043.27,136760.04,20001,20001,237153,,{21B0CC66-1C6C-4C6E-9052-8D9A2D96BE68},JLAY,2022/09/22 15:59:52+00,JLAY,2022/09/22 15:59:52+00,365,,,,,,,,,,,,,,,,,,,,,,,,,,,,,,,,,,,,,,,,,,,,,,,,,,,,,,,,,,,,,,,,,,,,,,,,,,,,7:30 AM - 10:00 PM,7:30 AM - 10:00 PM,7:30 AM - 10:00 PM,7:30 AM - 10:00 PM,7:30 AM - 10:00 PM, 7:30 AM - 10:00 PM, 7:30 AM - 10:00 PM,,,,,,,,,,,PC_62,,,NW,6E,,JLAY,2022/09/22 16:02:31+00,JLAY,2022/09/22 16:02:31+00,237153
-8573081.2534566,4706715.53441891,Unity - Federal City (CCNV),425 2ND STREET NW,WASHINGTON,DC,6,202-508-0500, , , , , ,https://www.unityhealthcare.org/,005900, , ,Yes, ,Yes,Homeless/Residential,Yes,Yes,Yes,Yes,Yes,Private insurance is also accepted,Yes,Community Health Center-FQHC,Private Non-Profit, ,,,,,PC_32,350,398846.74,136399.3,20001,20001,299726,,{8A15F89E-92C8-40E2-AF3E-9BD6BC03F68F},JLAY,2022/09/22 15:59:52+00,JLAY,2022/09/22 15:59:52+00,328,Yes, ,Yes,Yes,Yes,Yes,"Yes, please call","Yes, please call",Yes,Community Health Center-FQHC,Private Non-Profit, ,,Provider Specialist or Human Resources,202-715-7900,Aalleyne@Unityhealthcare.org,Yes,All, ,Yes,Yes,Yes,Yes,Yes,Yes, ,Yes,Yes,Yes,Yes,Blue Cross, ,"Community Health Center, FQHC", , , , , , , ,Yes,Yes, , , , , , , ,Yes, ,Yes,Yes,Yes, ,Yes, ,Yes,Yes,Yes,Yes, , ,"Dental, Health Ed/Nutrition", ,Yes, ,Yes, ,Yes,"Yes, by phone", , ,Yes,"7:45AM-8:45AM; 12:45PM-1:45 PM or at provider's discretion",24 hours,24 hours,24 hours,24 hours,24 hours,24 hours,24 hours,Yes,Yes,Yes,Yes,Yes,Yes,Yes,Yes, , ,PC_32,No,"Infectious Disease, Nephrology, Gastroenterology, Podiatry, Primary Care, Psychiatry, Reproductive Health, STI Test/Treatment, Urology",NW,6E,,JLAY,2022/09/22 16:02:31+00,JLAY,2022/09/22 16:02:31+00,299726
-8566180.4719976,4706489.45879739,Unity - Minnesota Avenue Health Center,3924 MINNESOTA AVENUE NE,WASHINGTON,DC,7,202-469-4699, , , , , ,https://www.unityhealthcare.org/,009603, , ,Yes, ,Yes,Homeless/Residential,Yes,Yes,Yes,Yes,Yes,Private insurance is also accepted,Yes,Community Health Center-FQHC-School Based Health Ctr.,Private Non-Profit, ,,,,,PC_43,351,404252.97,136219.18,20019,20019,288039,,{AA4A504B-FBD2-41F8-BA53-00E85649F539},JLAY,2022/09/22 15:59:52+00,JLAY,2022/09/22 15:59:52+00,338,Yes, ,Yes,Yes,Yes,Yes,"Yes, please call","Yes, please call",Yes,Community Health Center-FQHC-School Based Health Ctr.,Private Non-Profit, ,,Provider Specialist or Human Resources,202-715-7900,aarthur@unityhealthcare.org,Yes,All,Yes,Yes,Yes, ,Yes, ,Yes, , , ,Yes,Yes,Yes, ,Community Health Center - FQHC - School Based Health Ctr., , ,Yes, , , ,Yes,Yes, , ,Yes, , , , , , ,Yes,Yes,Yes,Yes, ,Yes, ,Yes, , ,Yes, , ,Health Ed/Nutrition, ,Yes, ,Yes, ,Yes,"Yes, by phone","psc@unityhealthcare.org;",http://www.UnityHealthcare.org/,Yes,varies,8:00 AM - 9:00 PM,8:00 AM - 9:00 PM,8:00 AM - 9:00 PM,8:00 AM - 9:00 PM,8:00 AM - 9:00 PM,8:00 AM -2:00 PM,8:00 AM -2:00 PM,Yes, , , , , , , , , ,PC_43,Yes,"Dermatology, HIV/AIDS Care, Infectious Disease, Obstetrics, Pediatrics, Podiatry, Primary Care, Psychiatry, Reproductive Health, STI Test/Treatment",NE,7F,,JLAY,2022/09/22 16:02:31+00,JLAY,2022/09/22 16:02:31+00,288039
-8564741.86082786,4706103.47655763,Unity - East of the River Health Center,4414 BENNING ROAD NE,WASHINGTON,DC,7,202-469-4699,,,,,,https://www.unityhealthcare.org/,007803,,,Yes,,Yes,Homeless/Residential,Yes,Yes,Yes,Yes,Yes,Private insurance is also accepted,Yes,Community Health Center-FQHC,Private Non-Profit,,,,,,PC_37,352,405336.17,135949.71,20019,20019,288206,,{4F2FE29A-E803-4D45-9CD1-5A7EB0F5446F},JLAY,2022/09/22 15:59:52+00,JLAY,2022/09/22 15:59:52+00,337,Yes, ,Yes,Yes,Yes,Yes,"Yes, please call","Yes, please call",Yes,Community Health Center-FQHC,Private Non-Profit, ,,Provider Specialist or Human Resources,202-715-7900,Aalleyne@Unityhealthcare.org,Yes,All,Yes,Yes,Yes,Yes,Yes, ,Yes,Yes - ALL,Yes,Yes,Yes,Yes,All except HMOs,HMOs,"Community Health Center, FQHC", , , , , , , ,Yes, , , , , , , , , ,Yes,Yes,Yes,Yes, , , , , ,Yes,Yes,Yes, ,"Dental, Health Ed/Nutrition, Mental Health, WIC",Yes,Yes, , , ,Yes,"Yes, by phone", , ,Yes,varies,8:00 AM - 5:00 PM,8:00 AM - 5:00 PM,8:00 AM - 5:00 PM,8:00 AM - 5:00 PM,8:00 AM - 5:00 PM,,,Yes,Yes, , , , , , , , ,PC_37,Yes,"Infectious Disease, Pediatrics, Podiatry, Primary Care, Psychiatry",NE,7F,,JLAY,2022/09/22 16:02:31+00,JLAY,2022/09/22 16:02:31+00,288206
-8571264.68472552,4705265.24863942,Children's Health Center - Capitol Hill,650 PENNSYLVANIA AVENUE SE,WASHINGTON,DC,6,202-833-4543,,,,,,https://childrensnational.org/primary-care/capitol-hill,006600,,,,,,,,,,,,,,,,,,2020/03/13 00:00:00+00,geoffrey.hatchard,ADD,PC_63,353,400262.13,135282.05,20003,20003,280033,,{6CCD8618-DB4D-4599-9CA3-13DC6DBAADE5},JLAY,2022/09/22 15:59:52+00,JLAY,2022/09/22 15:59:52+00,366,,,,,,,,,,,,,,,,,,,,,,,,,,,,,,,,,,,,,,,,,,,,,,,,,,,,,,,,,,,,,,,,,,,,,,,,,,,,8:00 AM - 5:00 PM,8:00 AM - 5:00 PM,8:00 AM - 5:00 PM,8:00 AM - 5:00 PM,8:00 AM - 5:00 PM,,,,,,,,,,,,,PC_63,,,SE,6B,,JLAY,2022/09/22 16:02:31+00,JLAY,2022/09/22 16:02:31+00,280033
-8571422.40195077,4704111.08895408,Unity - Southwest Health Center,555 L STREET SE,WASHINGTON,DC,8,202-469-4699,,,,,,https://www.unityhealthcare.org/,007203,,,Monday - Friday,,Yes,Homeless/Residential,Yes,Yes,Yes,Yes,Yes,,Yes,Community Health Center-FQHC,Private Non-Profit,,,,,,PC_47,354,400140.59,134388.83,20003,20003,289646,,{A3323FAA-B3C4-42A5-A5D1-D4997036305D},JLAY,2022/09/22 15:59:52+00,JLAY,2022/09/22 15:59:52+00,355,Yes, ,Yes,Yes,Yes,Yes,"Yes, please call","Yes, please call",Yes,Community Health Center-FQHC,Private Non-Profit, ,,Provider Specialist or Human Resources,202-715-7900,Aalleyne@Unityhealthcare.org,Yes,All,Yes,Yes,Yes,Yes,Yes,Yes,Yes, ,Yes,Yes,Yes,Yes, , ,Community Health Center-FQHC, , , , , , , ,Yes, , ,Yes, , , , , , ,Yes,Yes,Yes,Yes, ,Yes, ,Yes, ,Yes,Yes, , ,"Dental, Health Ed/Nutrition, WIC",Yes,Yes, ,Yes, ,Yes,"Yes, by phone", ,Yes,Yes, ,8:00 AM - 5:00 PM,8:00 AM - 5:00 PM,8:00 AM - 5:00 PM,8:00 AM - 5:00 PM,8:00 AM - 5:00 PM,,,Yes,Yes,Yes,Yes,Yes,Yes,Yes,Yes,Yes-all through Language Lane, ,PC_47,No,"Infectious Disease, Obstetrics, Pedicatrics, Podiatry, Primary Care, Psychiatry, Reproductive Health, STI Test/Treatment",SE,8F,,JLAY,2022/09/22 16:02:31+00,JLAY,2022/09/22 16:02:31+00,289646
-8566052.28442978,4702484.29541161,Children's Health Center - Fort Davis,3839 ½ ALABAMA AVENUE SE,WASHINGTON,DC,7,202-582-6800,,,,,,https://childrensnational.org/primary-care/fort-davis,009902,,,,,,,,,,,,,,,,,,2020/03/13 00:00:00+00,geoffrey.hatchard,ADD,PC_64,355,404325.15,133127.78,20020,20020,304152,,{84CAA47E-87E0-4F52-B673-C03167A2FB95},JLAY,2022/09/22 15:59:52+00,JLAY,2022/09/22 15:59:52+00,367,,,,,,,,,,,,,,,,,,,,,,,,,,,,,,,,,,,,,,,,,,,,,,,,,,,,,,,,,,,,,,,,,,,,,,,,,,,,7:30 AM - 4:00 PM,7:30 AM - 4:00 PM,7:30 AM - 4:00 PM,7:30 AM - 4:00 PM,7:30 AM - 4:00 PM,7:30 AM - 4:00 PM,,,,,,,,,,,,PC_64,,,SE,7B,,JLAY,2022/09/22 16:02:31+00,JLAY,2022/09/22 16:02:31+00,304152
-8570468.52339681,4702485.36908639,"Family and Medical Counseling Services, Inc. (FMCS)",2041 MARTIN LUTHER KING JR AVENUE SE,WASHINGTON,DC,8,202-889-7900, , , , , ,https://www.fmcsinc.org,007503, , ,Yes, ,Yes, ,Yes,Yes,Yes,Yes,Yes,Private insurance is also accepted,Yes, ,Private Non-Profit,"Private Practice, Group Practice",,,,,PC_12,356,400882.92,133122.47,20020,20020,278056,,{AB8591B3-863D-4144-8C55-CDD9BB4B2D7C},JLAY,2022/09/22 15:59:52+00,JLAY,2022/09/22 15:59:52+00,345,Yes, ,Yes,Yes,Yes,Yes,"Yes, please call","Yes, please call",Yes, ,Private Non-Profit,"Private Practice, Group Practice",, , , ,Yes,All, ,Yes,Yes,Yes,Yes,Yes,Yes, ,Yes, ,Yes,Yes,"Aetna, Charter, BC/BS", , , ,Yes, , , , ,Yes,Yes, , , , , , , , , , , ,Yes, , ,Yes, ,Yes, , ,Yes, ,Yes,"Health Ed/Nutrition, Pharmacy", ,Yes, ,Yes, ,Yes,"Yes, by phone", , ,Yes, 9-11 AM Monday - Friday,8:30 AM - 5:30 PM,8:30 AM - 5:30 PM,8:30 AM - 5:30 PM,8:30 AM - 5:30 PM,8:30 AM - 5:30 PM,9:00 AM -12:00 PM,,Yes, , , , , ,Yes, , , ,PC_12,No,"Cardiology, HIV/AIDS Care, Infectious Disease, Primary Care, Reproductive Health, STI Test/Treatment",SE,8A,,JLAY,2022/09/22 16:02:31+00,JLAY,2022/09/22 16:02:31+00,278056
-8572437.81861748,4714892.27714037,Mary's Center - Fort Totten,100 GALLATIN STREET NE,WASHINGTON,DC,5,202-483-8196,,,,,,https://www.maryscenter.org/contact-and-locations/fort-totten-dc/,009508,,,,,,,,,,,,,,,,,,,,,PC_18,357,399351.72,142773.48,20011,20011,294470,,{AD8EC576-B9F5-43D4-99EE-A977B0A105C7},JLAY,2022/09/22 15:59:52+00,JLAY,2022/09/22 15:59:52+00,369,,,,,,,,,,,,,,,,,,,,,,,,,,,,,,,,,,,,,,,,,,,,,,,,,,,,,,,,,,,,,,,,,,,,,,,,,,,,9:00 AM - 5:00 PM,9:00 AM - 5:00 PM,9:00 AM - 5:00 PM,9:00 AM - 5:00 PM,9:00 AM - 5:00 PM,,,,,,,,,,,,,PC_18,,,NE,5A,,JLAY,2022/09/22 16:02:31+00,JLAY,2022/09/22 16:02:31+00,294470
-8575282.69275307,4714237.62691582,Andromeda Transcultural Health,1400 DECATUR STREET NW,WASHINGTON,DC,4,202-291-4707,,,,,,https://andromedahealth.org/,002501,,,No,,Yes,,No,,Yes,Yes,Yes,,Yes,,Community Health Center,Group Practice,,,,,PC_01,358,397126.56,142243.35,20011,20011,302000,,{4A01B17A-3653-4B11-BAAC-F826CCDB0310},JLAY,2022/09/22 15:59:52+00,JLAY,2022/09/22 15:59:52+00,341,Yes, ,No,Yes,Yes,Yes,"Yes, please call","Yes, please call",Yes, ,Community Health Center,Group Practice,,Deanna Revelo,202-291-4707 ext. 108,drevelo@andromedatransculturalhealth.org,Yes,All, , ,Yes, ,Yes, ,Yes,Children with mental health needs, ,Yes,No, , , , , , , , , , ,Yes, , , , , , , , , , , , ,Yes,Yes, , , , , , , ,Yes,Yes,"Mental Health, Pharmacy", , , , , ,No,"Yes, by phone", , ,No, ,9:00 AM - 5:00 PM,9:00 AM - 5:00 PM,9:00 AM - 5:00 PM,9:00 AM - 5:00 PM,9:00 AM - 5:00 PM,,,Yes,Yes, , , , ,Yes, , , ,PC_01,No,"HIV/AIDS Care, Primary Care, Psychiatry",NW,4E,,JLAY,2022/09/22 16:02:31+00,JLAY,2022/09/22 16:02:31+00,302000
-8570661.04925483,4713717.09579923,Providence Hospital's Center for Geriatric Medicine,1160 VARNUM STREET NE,WASHINGTON,DC,5,202-269-7785, , , , , ,https://healthcare.ascension.org/locations/district-of-columbia/dcwas/washington-providence-health-services-center-for-g,009504, , ,No, ,Yes, ,Yes, ,Yes,Yes,Yes,Private insurance is also accepted,Yes, ,Private Non-Profit, ,,,,,PC_20,359,400732.02,141838.38,20017,20017,301279,,{D325AC16-4065-48B2-9916-925CF91F1F78},JLAY,2022/09/22 15:59:52+00,JLAY,2022/09/22 15:59:52+00,325,Yes, ,Yes,,Yes,Yes,"Yes, please call","Yes, please call",Yes, ,Private Non-Profit, ,, , , ,Yes,All,Yes,Yes,Yes,Yes,Yes,Yes,Yes, ,Yes,Yes,Yes,Yes,See Worksheet, , ,Hospital-Affiliated Clinic, , , , , , , , , , , , , , , , , , ,Yes, , ,Yes, , , , ,Yes, , ,Health Ed/Nutrition, , , , , ,Yes,"Yes, by phone", , ,No, ,8:00 AM - 4:00 PM,8:00 AM - 4:00 PM,8:00 AM - 4:00 PM,8:00 AM - 4:00 PM,8:00 AM - 4:00 PM,,, ,Yes, , , , , , , , ,PC_20,No,"Primary Care, Reproductive Health",NE,5A,,JLAY,2022/09/22 16:02:31+00,JLAY,2022/09/22 16:02:31+00,301279
-8574396.27888043,4712974.42509764,Mary's Center - Petworth,3912 GEORGIA AVENUE NW,WASHINGTON,DC,4,202-483-8196, , , , , ,https://www.maryscenter.org/contact-and-locations/petworth-dc/,002503, , ,Other - Modified open access, ,Yes, ,Yes,Yes,Yes,Yes,Yes,Private insurance is also accepted,Yes,Community Health Center-FQHC,Private Non-Profit, ,,,,,PC_16,360,397823.06,141262.62,20011,20011,224825,,{0EFCC73E-3A74-4670-B5CD-A822D834FC3E},JLAY,2022/09/22 15:59:52+00,JLAY,2022/09/22 15:59:52+00,340,Yes, ,Yes,Yes,Yes,Yes,"Yes, please call","Yes, please call",Yes,Community Health Center-FQHC,Private Non-Profit, ,,Andreina Pradas,202-420-7112,apradas@maryscenter.org,Yes,All,Yes,Yes,Yes,Yes,Yes,Yes,Yes,Yes-Immigrant,Yes,Yes,Yes,Yes,See Worksheet, ,Community Health Center-FQHC, , , , , , , , , , ,Yes, , , , , , ,Yes, ,Yes,Yes, ,Yes, ,Yes, ,Yes,Yes,Yes, ,"Dental, Health Ed/Nutrition, Mental Health, WIC, Adult & Child Literacy",Yes,Yes, ,Yes, ,Yes,"Yes, by phone", , ,Other - Modified open access, ,9:00 AM - 5:00 PM,9:00 AM - 5:00 PM,9:00 AM - 5:00 PM,9:00 AM - 5:00 PM,9:00 AM - 5:00 PM,9:00 AM -5:00 PM,,Yes,Yes, , ,Yes, ,Yes,Yes,"Armenian, Bamilek, Bosnia, Croatian, Danish, English Creole, Fulani (W. Africa), German, Haitian Creole, Hindi, Ibibio, Krio, Nepali, Portuguese, Shangana, Swahili & Twi",Yes - added,PC_16,No,"Obstetrics, Pediatrics, Primary Care, Psychaitry, Reproductive Health, STI Test/Treatment",NW,4C,,JLAY,2022/09/22 16:02:31+00,JLAY,2022/09/22 16:02:31+00,224825
-8575763.76427578,4712041.64676008,Spanish Catholic Center,1618 MONROE STREET NW,WASHINGTON,DC,1,202-939-2400, , , , , ,https://www.catholiccharitiesdc.org/medicalclinics/,002703, , ,Yes, ,Yes, ,Yes,Yes (for Medical), , , , ,Yes,Other,Other Non-Profit, ,,,,,PC_27,361,396757.76,140539.45,20010,20010,284055,,{E1E7E45D-7259-4436-A5EE-3141EEBBE23D},JLAY,2022/09/22 15:59:52+00,JLAY,2022/09/22 15:59:52+00,342,Yes, ,Yes,Yes (for Medical), , ,Please call,Please call,Yes,Other,Other Non-Profit, ,,Rosemarie Ong,202-772-4600,rosemarie.ong@CatholicCharitiesDC.org,Yes, All, ,Yes,Yes,Yes,Yes, ,Yes, , , ,Yes,Yes (Medical), , ,Other, , , , , , , , , , , , , , , , , , , ,Yes, , , , , , ,Yes,Yes,Yes, ,"Dental, Health/Ed Nutrition, Mental Health", ,Yes, ,Yes, ,Yes,"Yes, by phone", , ,Yes,8:30 AM - 9:AM for Emergencies,8:00 AM - 4:00 PM,8:00 AM - 4:00 PM,8:00 AM - 4:00 PM,8:00 AM - 4:00 PM,8:00 AM - 4:00 PM,,,Yes,Yes, , ,Some, , , , , ,PC_27,Yes,Primary Care,NW,1D,,JLAY,2022/09/22 16:02:31+00,JLAY,2022/09/22 16:02:31+00,284055
-8575277.95719299,4711388.82988738,Unity - Upper Cardozo Health Center,3020 14TH STREET NW,WASHINGTON,DC,1,202-469-4699, , , , , ,https://www.unityhealthcare.org/,002802, , ,Yes, ,Yes,Homeless/Residential,Yes,Yes,Yes,Yes,Yes,Private insurance is also accepted,Yes,Community Health Center-FQHC,Private Non-Profit, ,,,,,PC_49,362,397135.96,140032.89,20009,20009,242939,,{B1BA996D-AF7F-4801-8540-311CE6C3BFE2},JLAY,2022/09/22 15:59:52+00,JLAY,2022/09/22 15:59:52+00,349,Yes, ,Yes,Yes,Yes,Yes,"Yes, please call","Yes, please call",Yes,Community Health Center-FQHC,Private Non-Profit, ,,Provider Specialist or Human Resources,202-715-7900,Aalleyne@Unityhealthcare.org,Yes,All,Yes,Yes,Yes,Yes,Yes,Yes,Yes, ,Yes,Yes,Yes,Yes,"BC/BS, United Healthcare, Aetna", ,Community Health Center - FQHC, ,Yes, , ,Yes, , ,Yes, , ,Yes, ,Yes, , , , ,Yes,Yes,Yes,Yes,Yes,Yes, ,Yes, ,Yes,Yes,Yes, ,"Dental, Health Ed/Nutrition, Mental Health, WIC",Yes,Yes,Yes,Yes, ,Yes,"Yes, by phone", , ,Yes,Daily & Saturday (8-12),8:00 AM - 9:00 PM,8:00 AM - 9:00 PM,8:00 AM - 9:00 PM,8:00 AM - 9:00 PM,8:00 AM - 9:00 PM,8:00 AM -2:00 PM,8:00 AM -2:00 PM,Yes,Yes,Yes,Yes,Yes,Yes,Yes, , , ,PC_49,Yes,"Cardiology, Gastroenterology, Infectious Disease, Obstetrics, Opthalmology, Pediatrics, Podiatry, Primary Care, Psychiatry, Pulmonary, Reproductive Health, STI Test/Treatment",NW,1A,,JLAY,2022/09/22 16:02:31+00,JLAY,2022/09/22 16:02:31+00,242939
-8573203.34798963,4711259.52524534,Children's National Medical Center - Adolescent Health Center,111 MICHIGAN AVENUE NW,WASHINGTON,DC,5,202-476-2123, , , , , ,https://childrensnational.org,002302, , ,Yes, ,No,Adolescents,Yes,Yes,Yes, ,Yes,Private insurance is also accepted,Yes, ,Private Non-Profit, ,,,,,PC_09,363,398807.6,139978.02,20010,20010,243365,,{BE867544-3633-4E05-8864-3783D83A727F},JLAY,2022/09/22 15:59:52+00,JLAY,2022/09/22 15:59:52+00,343,No,Adolescents,Yes,Yes,Yes, ,"Yes, please call","Yes, please call",Yes, ,Private Non-Profit, ,, , , ,No,Adolescents,Yes, ,Yes,Yes,Yes,Yes,Yes,Yes,Yes,Yes,Yes,Yes,See Worksheet, , ,Hospital-Affiliated Clinic, , , , , , , , , , , , , , , , ,Yes, ,Yes, , , , , , ,Yes,Yes,Yes,Yes,"Dental, Health Ed/Nutrition, Mental Health, Pharmacy, WIC",Yes,Yes, ,Yes, ,Yes,"Yes, by phone", ,www.childrensnational.org/RequestAppointment/,Yes,during clinic hours,24 hours,24 hours,24 hours,24 hours,24 hours,24 hours,24 hours,Yes,Yes,Yes,Yes,Yes,Yes,Yes,Yes, , ,PC_09,Yes,"Pediatrics, Primary Care",NW,5E,,JLAY,2022/09/22 16:02:31+00,JLAY,2022/09/22 16:02:31+00,243365
-8575522.23368499,4711065.35772851,La Clinica del Pueblo,2831 15TH STREET NW,WASHINGTON,DC,1,202-462-4788, , , , , ,https://www.lcdp.org,003702, , ,Other - open access scheduling but not for walk-ins., ,Yes, ,Yes,Yes,Yes,Yes,Yes,Private insurance is also accepted,Yes,Community Health Center-FQHC,Private Non-Profit, ,,,,,PC_15,364,396950.8,139781.25,20009,20009,243232,,{6E71E7E6-45BE-46D7-A862-952BF12B8920},JLAY,2022/09/22 15:59:52+00,JLAY,2022/09/22 15:59:52+00,333,Yes, ,Yes,Yes,Yes,Yes,"Yes, please call","Yes, please call",Yes,Community Health Center-FQHC,Private Non-Profit, ,,Dietrich Johnson,202-448-2863,djohnson@lcdp.org,Yes,All, ,Yes,Yes, ,Yes, ,Yes, , , ,Yes,Yes,CareFirst Currently, ,"Community Health Center, FQHC", , , , , , ,Yes, , , , , , , , , , ,Yes, ,Yes,Yes, ,Yes, ,Yes, , ,Yes,Yes, ,"Health Ed/Nutrition, Mental Health", ,Yes, ,Yes, ,Yes,"Yes, by phone", , ,"Yes, please call",We schedule same-day or next-day appointments for our existing pts.,8:30 AM - 5:00 PM,8:30 AM - 5:00 PM,8:30 AM - 5:00 PM,8:30 AM - 5:00 PM,8:30 AM - 5:00 PM,,,Yes,Yes, , ,Yes, ,Yes, ,We provide in-person medical interpreters when other language needs arise., ,PC_15,No,"HIV/AIDS Care, Pediatrics, Primary Care, Psychiatry, Reproductive Health, STI Test/Treatment",NW,1A,,JLAY,2022/09/22 16:02:31+00,JLAY,2022/09/22 16:02:31+00,243232
-8575921.40166142,4710919.60189203,Unity - Columbia Road Health Services,1660 COLUMBIA ROAD NW,WASHINGTON,DC,1,202-469-4699, , , , , ,https://www.unityhealthcare.org/,003802, , ,Yes, ,Yes,Homeless/Residential,Yes,Yes,Yes,Yes,Yes,Private insurance is also accepted,Yes,Community Health Center-FQHC,Private Non-Profit, ,,,,,PC_34,365,396634.61,139669.07,20009,20009,276384,,{308F808A-E1FE-4E70-AAE8-F628F7C892A7},JLAY,2022/09/22 15:59:52+00,JLAY,2022/09/22 15:59:52+00,360,Yes, ,Yes,Yes,Yes,Yes,"Yes, please call","Yes, please call",Yes,Community Health Center-FQHC,Private Non-Profit, ,,Provider Specialist or Human Resources,202-715-7900,Aalleyne@Unityhealthcare.org,Yes,All,Yes,Yes,Yes,Yes,Yes,Yes,Yes, ,Yes,Yes,Yes,Yes,"United Healthcare, BCBS", ,"Community Health Center, FQHC", , , , , , , , , , , , , , , , , ,Yes, ,Yes,Yes, ,Yes, , , , ,Yes,Yes, ,"Health Ed/Nutrition, Mental Health", ,Yes, ,Yes, ,Yes,"Yes, by phone", , ,Yes,All Site Hours,8:00 AM - 8:00 PM,8:00 AM - 8:00 PM,8:00 AM - 8:00 PM,8:00 AM - 8:00 PM,8:00 AM - 5:00 PM,8:00 AM -12:00 PM,,Yes,Yes, , ,Yes, , , ,All languages through the language line, ,PC_34,Yes,"Pediatrics, Primary Care, Psychiatry, Reproductive Health",NW,1C,,JLAY,2022/09/22 16:02:31+00,JLAY,2022/09/22 16:02:31+00,276384
-8576052.53517531,4710913.47388239,Unity - Christ House Health Center,1717 COLUMBIA ROAD NW,WASHINGTON,DC,1,202-508-0500, , , , , ,https://www.unityhealthcare.org/,003901, , ,Yes, ,Yes,Homeless/Residential,Yes, ,Yes,Yes, , ,Yes,Community Health Center-FQHC,Private Non-Profit, ,,,,,PC_33,366,396532.46,139664.36,20009,20009,235976,,{E0EE0F77-0DAD-4C63-B74F-B92789116B01},JLAY,2022/09/22 15:59:52+00,JLAY,2022/09/22 15:59:52+00,353,Yes, ,Yes,Yes,Yes,Yes,Please call,Please call,Yes,Community Health Center-FQHC,Private Non-Profit, ,,Provider Specialist or Human Resources,202-715-7900,Aalleyne@Unityhealthcare.org,Yes,All, ,Yes,Yes,Yes,Yes,Yes, , ,Yes,Yes,Yes, , , ,Community Health Center-FQHC, , , , , ,Yes, , , , , , , ,Yes, , , , , ,Yes,Yes, ,Yes, ,Yes, ,Yes, ,Yes, ,"Dental, Mental Health", ,Yes, , , ,Yes,"Yes, by phone", , ,Yes, ,24 hours,24 hours,24 hours,24 hours,24 hours,24 hours,24 hours,English,Spanish, , , , , , , , ,PC_33,No,"General Surgery, Oral Surgery, Primary Care, Psychiatry, Reproductive Health, STI Testing",NW,1C,,JLAY,2022/09/22 16:02:31+00,JLAY,2022/09/22 16:02:31+00,235976
-8570918.22882357,4710894.64138838,Unity - Pathways to Housing Health Center,828 EVARTS STREET NE,WASHINGTON,DC,5,202-529-2972,,,,,,https://www.unityhealthcare.org,009302,,,,,,,,,,,,,,,,,,2020/03/13 00:00:00+00,geoffrey.hatchard,ADD,PC_65,367,400530.24,139656.32,20018,20018,290119,,{95556545-F669-40BA-92D6-946B2886ABD0},JLAY,2022/09/22 15:59:52+00,JLAY,2022/09/22 15:59:52+00,368,,,,,,,,,,,,,,,,,,,,,,,,,,,,,,,,,,,,,,,,,,,,,,,,,,,,,,,,,,,,,,,,,,,,,,,,,,,,,,,,,,,,,,,,,,,,,PC_65,,,NE,5B,,JLAY,2022/09/22 16:02:31+00,JLAY,2022/09/22 16:02:31+00,290119
-8575830.14394717,4710652.58941106,Children's Health Center - Adams Morgan,1630 EUCLID STREET NW,WASHINGTON,DC,1,202-476-5580, , , , , ,https://childrensnational.org,003802, , ,Yes, ,No,Children and Adolescents,Yes, ,Yes, ,Yes, ,Yes, ,Private Non-Profit, ,,,,,PC_04,368,396705.61,139461.89,20009,20009,301500,,{C12FD5DD-BB2A-416A-BCBE-399306B8C13E},JLAY,2022/09/22 15:59:52+00,JLAY,2022/09/22 15:59:52+00,352,No,Children and Adolescents,Yes,Yes,Yes, ,"Yes, please call","Yes, please call",Yes, ,Private Non-Profit, ,, , , ,No,Children and Adolescents,Yes, ,Yes,Yes,Yes,Yes,Yes,Yes,Yes,Yes,Yes, , , , ,Hospital-Affiliated Clinic, , , , , , , , , , , , , , , , ,Yes, ,Yes, , , , , , , ,Yes,Yes, ,"Health Ed/Nutrition, Mental Health, WIC",Yes, , ,Yes, ,Yes,Phone and website, ,www.childrensnational.org/RequestAppointment/,Yes,during clinic hours,7:30 AM - 7:00 PM,7:30 AM - 7:00 PM,7:30 AM - 7:00 PM,7:30 AM - 7:00 PM,7:30 AM - 4:00 PM,,,Yes,Yes,Yes,Yes,Yes,Yes,Yes,Yes, , ,PC_04,No,"Pediatrics, Primary Care",NW,1C,,JLAY,2022/09/22 16:02:31+00,JLAY,2022/09/22 16:02:31+00,301500
-8570415.78952222,4710460.20284775,Unity - Brentwood Health Center,1251 SARATOGA AVENUE NE,WASHINGTON,DC,5,202-469-4699, , , , , ,https://www.unityhealthcare.org/,009102, , ,Yes, ,Yes,Homeless/Residential,Yes,Yes,Yes,Yes,Yes,Private insurance is also accepted,Yes,Community Health Center-FQHC,Private Non-Profit, ,,2016/02/12 00:00:00+00,Eva.Stern,UPDATE,PC_31,369,400923.31,139312,20018,20018,69666,,{ED17C939-F58A-48B1-A2C5-80F72845AE1B},JLAY,2022/09/22 15:59:52+00,JLAY,2022/09/22 15:59:52+00,336,Yes, ,Yes,Yes,Yes,Yes,"Yes, please call","Yes, please call",Yes,Community Health Center-FQHC,Private Non-Profit, ,,Provider Specialist or Human Resources,202-715-7900,Aalleyne@Unityhealthcare.org,Yes,All,Yes,Yes,Yes,Yes,Yes,Yes,Yes,Yes - Deaf,Yes,Yes,Yes,Yes,"United Healthcare, BCBS (most)",HMOs,"Community Health Center, FQHC", , , , , , , , , , ,Yes, , , , , , ,Yes,Yes,Yes,Yes, ,Yes, , , , ,Yes, , ,Health Ed/Nutrition, ,Yes, , , ,Yes,"Yes, by phone", , ,Yes,"M-F 7:45 a.m. -11 a.m.; M & TH 5-8 PM",8:00 AM - 9:00 PM,8:00 AM - 9:00 PM,8:00 AM - 9:00 PM,8:00 AM - 9:00 PM,8:00 AM - 9:00 PM,8:00 AM -2:00 PM,8:00 AM -2:00 PM,Yes,Yes, , , , , , ,Language-Line available, ,PC_31,Yes,"Obstetrics, Pediatrics, Podiatry, Primary Care, Psychaitry, Reproductive Health, STI Test/Treatment",NE,5C,,JLAY,2022/09/22 16:02:31+00,JLAY,2022/09/22 16:02:31+00,69666
